Name,Id,GuildName
chupetruk,2r5BYXZbQ7STM4T0UqzO-w,Maharlika
KZEE74,lwrnhz14QGOtcO32xBudiQ,Maharlika
LilyReine,rVRDx_7TTZmykZ6MbRp60g,Maharlika
Shinmeister,uxq6KKagSmeLvkOiWwCCIg,Maharlika
CHOPPERRRR,HdaNOsxaQou3ku8kFP7jMw,Maharlika
miirohu,2G0FqLQNRDOrhqnFtoOF2w,Maharlika
Bilionaire,7z5qksllQ1yAT05a7i91lA,Maharlika
SpearHero,9Wa8fzu_QJ2uJQJPsNm1cA,Maharlika
Othanskie,BsUz452XRsmoyLXi3fdz7g,Maharlika
yotob05,NyH--oyAQnKTODMl6HrtjA,Maharlika
Sheeshuna,Rbk9H1wMQGK0lDT-mQNavQ,Maharlika
Nyark,G98i_82hSiy7F74NIP8ygg,Maharlika
Changbu,qxxyouUnSlOvDkJtqKp-uA,Maharlika
Dibabs,0DPgTu8yQ2yqPC38i11dyA,Maharlika
Kasval,Jgwe67ZzRw6vMVuIl9cE2A,Maharlika
Chisana,oq5DGmvlRsmKZKsAVhVF-w,Maharlika
devilishere,cKI72wyWQaG7Pd6l5iFZqg,Maharlika
aportsngpapamo,2wuf1pgrSCSSVbDZE5fZYA,Maharlika
Kobugi,QSsXlVptR16qFlYlE45SiA,Maharlika
Himagsikan,07OdtSQ9RBS7Q__DF6-Uxg,Maharlika
Chocalati,hQhx30-qTqiNzno9-7oYMA,Maharlika
GingerBreed,5QlXPhD-SAOkoLP8rqxCqw,Maharlika
SlaiveOutlaw,R6fY-nHyQPyd82fbKgMXtw,Maharlika
Shambble,NRRpYU4kSz6iZaXVLmPUBg,Maharlika
Celex,LCBWAjgUQ2Ohtsty-MjyLQ,Maharlika
Tritriiii,yPsyF_hTSMmkOL7PptnG9g,Maharlika
Sixtoo,tp7V65nyRnqo4r8vyTT-MQ,Maharlika
mrgoor,l7V15DZBRcW9BsEfDBlZRQ,Maharlika
mattskiiau,cmZ3nAq-SriutEBT2sGIxA,Maharlika
Redbrahma,pkD3BUaLSAOZfruQ1D0l-Q,Maharlika
UNPRO,YDY6YtPZSV-z5PLNZZ74jw,Maharlika
RestDay23,CYei041LTl6_VZ0rnRbEWw,Maharlika
HeCupBeeLot,ztyfj7ftSVOtj7m3u30cew,Maharlika
Scavenger,Jw9p0BdITsiRn1aH-2121A,Maharlika
squirty,xFw9VDtCSdOIGdH_2ZYldQ,Maharlika
BLACKMON,cLalYQXGSN2lDMrNbxQlhg,Maharlika
Shaks,90x20hAaRoyz3Z8mFPs8Dg,Maharlika
Helianthus,7QgmDag3QVefEm_AfVgKxA,Maharlika
khimpoge,xw7-6hbxQlCTRYQkhRpNPQ,Maharlika
Athhena,MpBD59LESRikiFAbp83wiw,Maharlika
Chocolotss,A5DMncn1QuG9mSk5hMRrzw,Maharlika
Yo24,U227EekaRNeWmK4-wQw8bg,Maharlika
URweak,fkUjqW1BQLGgU3IffNQjoA,Maharlika
Not2die,H1zAP1xhRvCFK3WB2CDplQ,Maharlika
Kanoer,gAskyPqeTfizpg_40UhW2A,Maharlika
Azebluche,OBua2_VjT5aiPKoY8JGbWQ,Maharlika
Leandro,pcSp-kziR8WVomKe1AoY8w,Maharlika
Bolwingkol,3-q1iOerQwe_e22lxCD--w,Maharlika
Chierin,WZUosMAkTJWrXzdlIHtTHQ,Maharlika
Bahamuh,LhUNhnmETByULP8QFyMGsQ,Maharlika
Delacroix,hK90rhRQS7OTbNuSbpikMQ,Maharlika
Benm201,rHMDM8siRg2sH7irE3vg3Q,Maharlika
Monarquelaw,z_uQxdL3RHqk75XeZiwyAw,Maharlika
Barnutz2103,ukiZdGjCRDW3jiy2EFbwPA,Maharlika
Sanakeeee,TqscfqGNT7SmruF18eP6eA,Maharlika
NotYourDaddy,s5oyhtJ-RQOTnIJInUTFFQ,Maharlika
Aimes,FRJ64cbtTsuAU2qxT117IQ,Maharlika
HighCardClothArm,ufjb_y5sR6eKM9ILiV8WmA,Maharlika
HaniBani,WppQy3aHSbeNnLtf7sg1TA,Maharlika
ShiroItsuri,S9pjHbKkSNiPZ5Gp99BK0A,Maharlika
Yue,T2RelUKaQJCcXHdMVOuCHA,Maharlika
Seanix9,VM0Wn6PaRESbXYMXbSFk1A,Maharlika
NotVirlix,haMLN3aXSaeUvkhREWthsw,Maharlika
Ordisi,938Kn2OnTNqflPuSLwwJKw,Maharlika
wieeeeeee,qb0N2vj7QVGPcjGDTeaqwQ,Maharlika
Cypionate,jvo7b2M5SOq9Z8YU5cFZoQ,Maharlika
XQys,ZJqOnfjRSUO3SxfgdAXs_w,Maharlika
GcashCries,8S3726kORjakzJbtbzEXng,Maharlika
IlITokyIlI,vpy2V1w_QS-9TOXT0hxwhg,Maharlika
VeKnomZ,6K0nixK9R06Lxktw4BizrQ,Maharlika
DaemonKnight,weQ6ghcQQmKzVvZY5Dv3Sg,Maharlika
Drix,Bg6a9rnTTLObRUFXYisVzg,Maharlika
KingJourneyBack,86FNGsvETlGFc1bDSo-ADg,Maharlika
ZionPax,Q2G_n-JBRZumwHI70OZ9Nw,Maharlika
chammyman,aXIu3bVRQEChwmiMLjF8tA,Maharlika
DadiBee,GiFvSUcHQey29A9fpubReg,Maharlika
WayneAlmighteeth,lnbHUS9KTjmY6hkuZS3Bww,Maharlika
Imclairo,fsGIxdwIREyGMTY9pi08pg,Maharlika
makOi,4lbqSwfnRqSrVeIUKlVChw,Maharlika
Shinwa,y_0a3lSBTsaCjvCcJ0Oi4w,Maharlika
TaiSinhLan3,5MeHRIq4TfikVoXz86DAVQ,Maharlika
BoyPuday,earvSnWASB-SlotAQRAbyA,Maharlika
Sophrosyne,P_gI6efTTCyfQPu8AcgHDw,Maharlika
D07,4dI_NKNuSvOYnJfkGVBy7A,Maharlika
Samar82,R9yUA6RgSP-VRmScRYcExw,Maharlika
stemmedluvr,7qVnIEOCQCGOsjybTCpiVQ,Maharlika
BlackJack19,nZTqckqoQHu7Z93qM1rGww,Maharlika
pakyu1,DJy4XN5YRRSS2GhJwqULgg,Maharlika
AlyasBlack,ZEvwOPp3RcK0BSa7-46XAg,Maharlika
NotMarksman,PmIveAr2Rgq3g2N09Xmc1Q,Maharlika
Jereeel2,RkZB3_h-TzW5G2-fC-yMLw,Maharlika
shulli,z9W_0slwQU-d8mdf74RQ6A,Maharlika
Shyrora,zDm_ctzbSO6knY34T4W3Lw,Maharlika
BeegBadonkas,aepGxFqVRQinuzSyhZJwaw,Maharlika
kkopi,JO5wmDKmSfqRbFznjoirYA,Maharlika
DonCrit,jQ1n58EBSaaDBDDWxhnI1A,Maharlika
Ceejayyyyyyyyy,doFF-hV0TWqfcan1vHVXsw,Maharlika
m2rres,gvZbaQeNTteLVKO5kQOddQ,Maharlika
Sinbya,JBYJiBZsTnWEMVuvn9jH8A,Maharlika
7even,oekw_0bFQg-X89_HL29Apw,Maharlika
HalterBoreas,g7UGWUerToenm8Mc30FfhA,Maharlika
Mbadi,EiaFe2FTRhKG7ZY5L0pHXQ,Maharlika
AferneeRL,GlhGeejPRBS6yrkd27PQSw,Maharlika
Toiletspaper,CWVF58aBT1K6GYhbUUnvKA,Maharlika
Papichulo27,pcA6A6vJR7CU8wt4iIDG_g,Maharlika
NyxSolari,Ly8GXF2JTj29fvYFKL6UYA,Maharlika
Yazzzzzz,xy0fD1VxTbOaQPuXo_qG1Q,Maharlika
Dsolll,Wqpi-2jpRFCKE8yPcPCu-w,Maharlika
Dalagan24,lN9Fys3kTTiaLWHLqf9s1w,Maharlika
Hayaaaaaaa,5ZDIKzpCSrG9frM6XJLImA,Maharlika
resiretal,CTlRwrgxTJeiD9CDcHd6ZA,Maharlika
kishinadal,ssyMqPyAShaQliRsZHvSJw,Maharlika
Yoos,9fAmBPOBRPy3ReQAaePKRQ,Maharlika
Kowalskii,G0HIglrJTk-lOp-xL6jslw,Maharlika
Ziole,RkaiCySKQdujxM_psfOSTA,Maharlika
Ced,3aTJoaZ-QZuzotBEObJm2Q,Maharlika
Jq8,zwHcN8hiSdiku4sME4Y34A,Maharlika
ladyurat,Y_6jfy0sSUqIVqeQbjGQ8Q,Maharlika
netherregion,3FrucScrR6KUdBizOH_kcg,Maharlika
EIMayuu,b8lrZo-LSm6ej9oUYBkLMg,Maharlika
Curves,5ZcccTbDRcyFeXi6MvFZrg,Maharlika
Dangel123,K00_fQ-eSSSzo1RfXGBnKg,Maharlika
Lynaria,v43fAE3wSpW7DdKpZ42OEQ,Maharlika
RoyalSoul,YtfXSYydQPOomQBocSH9sg,Maharlika
HansenJaeger,PO1BOGG3SWKRu-LqDbfyUA,Maharlika
Bioninja,f1P8AgY1SNq18856UyasdA,Maharlika
ShelbyOrYou,3d1ZMVXsS6CCJSuv38ym-w,Maharlika
pipiku,xc4AsFXmTHmqtyMvfCZisg,Maharlika
Sleepiy,PiobNjzSTzaKTEfIKjlzmA,Maharlika
McVulton,Drtb5AgmR8Sh03_zClyN1A,Maharlika
Ziax,#NAME?,Maharlika
Yenami,4g_8z6QHRiymU7j71cKYtQ,Maharlika
Pawi,_aR3IuU-Txe3yp1ra_3jwg,Maharlika
DeeNigrito,HpQX1aC-Q-WToxfDSIfDFw,Maharlika
Alicevk,Jy60XvVqQzi-L5T2T67KoQ,Maharlika
jany,fBFmKaIeT_icbOC4IA4IHQ,Maharlika
Pardun,PaJZaC9QR0Kvd7G5xyjSZw,Maharlika
EmiliaRose,LZngApgmQOuLU1N8g5uJ4Q,Maharlika
Armaros,1Wpxy08JRhmtEtny85x99w,Maharlika
Kajacks,ekNiwR22T7yTsiCgM7tQig,Maharlika
DARKL1684,8Vr1dE4jSJuZeNLzD1cpzA,Maharlika
Haikkk,NJom335_Ro65Xv_TrSt8jg,Maharlika
HERBarDOSE,XEKYnBKmRjWkVfVCJIi_LQ,Maharlika
Yazu,ZVDXhYIfQjef4YTl70AXVA,Maharlika
SUCKKS,mxR0bhb9SqSN40txkjoE1Q,Maharlika
slankd,ztouKys_SNiPOvaZM5vYIg,Maharlika
ARTH4R,bmAL01K8Q02U-sR94oPqrg,Maharlika
Kloweee,_etcrXlKQ12UAOHxKXHrQQ,Maharlika
shaggytone,0InstiLyR-C85kL6DUlUWA,Maharlika
nutriban,PrlIIPGkTliE208O5hEv6w,Maharlika
dissociation,WUyJFPTiR2GGelA9CEhcrA,Maharlika
LancerLy,emikHx0yRr-OQIHCkA4Xcw,Maharlika
Ericka,VyrpoQZhQ3mZegaX08j33Q,Maharlika
Cellulose,KOrsiVUIQSmxV3zUOyEjFQ,Maharlika
ZBL,_MZ8ULKjSMO6Gy1eC0goEQ,Maharlika
5ine,suDmhKllTSSZ0I-QvFvjMg,Maharlika
MiMiwiwi,QHKecLf3TQ-YNxwxczS2Vg,Maharlika
iNUKER,K6YCd6NlQDeqCYfgwK7IqQ,Maharlika
LickedMahButt,E9_Kbrt8SymFW20y7qtOMA,Maharlika
SNOWF3LL,jWZ44vcjQAOWOXgQCujQTQ,Maharlika
zChronoGraph,8I9GnePDSI2eDFy0Kd60yQ,Maharlika
SpicyG,#NAME?,Maharlika
Cerezo,BArkeUIbT3WJTKoisGecsQ,Maharlika
AviMaria,VSzeZkiFS1mds-HIDihR8A,Maharlika
Falariee,a6sh3fckRMqyqZ-onRpDmg,Maharlika
DailyDoseSupply,Kc22zrvhSnmiEfIu4Mm90w,Maharlika
Sh1rooh,B0EXepFgQ3uEOiok4NSJ1g,Maharlika
xmariyax,X8X0KxRWTIyDRs8x7_lOww,Maharlika
zStipani,RUCM3O7CTCSSJuyJXBuyoQ,Maharlika
BigFatJuicyMan,xJuOdURET02-wr1Oy6Pn0A,Maharlika
PengePanty,7JTOeLKeQLuvjek3kjqgBg,Maharlika
PayoutSIR,TezepmhOTzGEcQl8yrQ7EA,Maharlika
MrPutinW,e5proTi1Rm2VJvN-ByjyzQ,Maharlika
Pipsszy,OspS16ssS5SeWu7KVB0yTg,Maharlika
OswaldWhite,nXTxwfp9REuIUVAjxTR6LA,Maharlika
KingMoce,J98y4hXNSB6c3ZPX7l2LsQ,Maharlika
GF1616,RLNd5vSTTuOn0TnwVXYRJQ,Maharlika
Previous,qa6llSLJTyeFqtePbqGfcw,Maharlika
JUDYP,1_2963qWTv62aiGn6y8MdQ,Maharlika
Yxea,cckIGW0cQeyUuSd8KKjE4A,Maharlika
SteffiAlmighty,YaZax7JwSoCN5cWehexOHg,Maharlika
NotTrishaLizzz,u32HGjmnSDu6wsC0jqVtjg,Maharlika
BHgangster,rc2NHHKaR3a1HUIvubsIMQ,Maharlika
Fulminate,i22xtfCdQDmTqixa84_qcA,Maharlika
Michirose,QnRX0KoGSS2AnIekvB-lWg,Maharlika
sScyll,ENyqL4H9TwaWU2zcxv__gA,Maharlika
Xin,TmB2CWmARhmeLCKSd8-m8g,Maharlika
Mmmaya,gcdL0rKTSWiu1_BykmI99A,Maharlika
Romeow,Vz7enxMoTNOnRDBLg77keA,Maharlika
Yeeeez,cjF5Usr5RRScTx3uhxz3-w,Maharlika
PrimeGish,X0SzcCNPT12UaY9pLVofjw,Maharlika
TAMMMEERRR,oLgk34KnQmCinFAiPED9Ww,Maharlika
Monkiy,Gg7Z5Dw-QfmBm487OgbRHQ,Maharlika
Heecate,0y7D5hsMQmCNaJfkhYNx-w,Maharlika
ZedBow,wt0KK4R4TVqBcXyqGMJV0g,Maharlika
Raziqueen,6IBIpeehT5CLBIdNOLTGcQ,Maharlika
ROBLOX,ZEhc9aPjSESPZcvcRqry8g,Maharlika
Hatch1man,jXdBPrpmSTOeUhTwKAwuUQ,Maharlika
Jackolyn69,MEm9W-NHQG2a8ZR0IXBlCg,Maharlika
Asheleah,8sbDS257S_KyorIKJawZog,Maharlika
CeeTat,1AXZAf3TTHyIZB6_OF5uPg,Maharlika
Facturka,D4G1XmPORlWu2cATYGRFJg,Maharlika
Wagkamaculet,H4XjR2E4QcmbkBkwDDt9nw,Maharlika
HyunDhel,Liy6aGXUQciZ0JyEzgqd6Q,Maharlika
Kusheil,eSfF5-e9S3ixVJA4P-AA5w,Maharlika
HurTZY,6uQtVMG7T7inkQgyKYQfwA,Maharlika
Lakan,2rgEpFJNSf6zgdazeAINhA,Maharlika
Blue4,i07xp3UETJCI-50AaPyMGA,Maharlika
NielsSu,J_F034BiQ_Sqq-TeXc5K2w,Maharlika
ZHANSHIN,BklvbPTeSrmp-lOMaQXwDg,Maharlika
A9Ben,mqtAcMSWRe-TLW-uv_vjVg,Maharlika
missmalagundang,HRVjLHDDSu6ofVqwW4SwgA,Maharlika
ALIENandDEMON,JPAQYvawR4CmFMDVUwtuVg,Maharlika
ryanthesad,CW1OZNkCRWihuSBbyJEAyw,Maharlika
EntengKabesote,B1bhqODGRNe6TV_npsMVZw,Maharlika
RenOhsem,Z276eoBsSMmo8SVWDo7MHQ,Maharlika
Damondred,_4MOu5U1S5SY40i5sAVWng,Maharlika
ChipsO,XtrsgvkER0Ww68OrV1X36w,Maharlika
DRZeus,NcxxNg49TU6FimxU0oR12A,Maharlika
XiwangZhishi,fC6f4rOBQ_-YYvLJOtJp4w,Maharlika
Jemmalyn,W2ukn94HRmKWtsCNGYG-VA,Maharlika
Imiray,D1H2MyOzSdCX3grRbyuT3g,Maharlika
MugiTaroo,Y6fghumSTdSGT915qoMIHw,Maharlika
Keyruu,AKWsPGCsQTy5gM9JuIwSGg,Maharlika
Nilesage,qWiV9GMJQ9OY0Ko82w6yjA,Maharlika
yyuj,7FC4TQC9T9ypmqnzoqmObA,Maharlika
Morg,g4MrRYGcRYaHtaavYb3Stw,Maharlika
Butchoy,fK6j8jkFSlmF0dVPVM5rfQ,Maharlika
SeaSalt,TmJEzLJ8ROeP8gujSiNH9w,Maharlika
Sarsaa,7_yAkW7DQsmk54XNDsvzLA,Maharlika
VanillaEris,bNFfRJ6DTPKzeFf56uuCHQ,Maharlika
Lucifeeer,IzpKt6mcQU66XVLU6PPExw,Maharlika
Achelois0,zCVXKP8bQsmC5X8pUnY45w,Maharlika
Yaretza,DoKm9GB4Re640KPxsOfvHg,Maharlika
ABDIDI,i24CP9t7S9i3vfPS4JHkSw,Maharlika
HeyKatsu,a8rp0Z9MSq64kHgsmO-I_Q,Maharlika
Aeyrra,2P43RLdnReeaaVJOvAluxw,Maharlika
Marioptr,7sY962E8RuKmd4373q-Ong,Maharlika
Cainn,pivtoal4REyOHd695ES_DQ,Maharlika
Piyellemenowpi,5R-kmIPZTWi47ZOv19Wb0A,Maharlika
Yvettessu,jFYx1PwvSaGcljY7bEEWIg,Maharlika
Silvyie,7NIMxhLrS9O2RQ4EfgCIDA,Maharlika
chrscris,sl_HSC2WQHmLvibHHDUIwg,Maharlika
Lightbeem,DDNyyQX7RY21zIVIXu5_Mw,Maharlika
ChasingDreamers,i6m6yQGkRIW1IS_Ixz80vg,Maharlika
Raymond,6NCRVng6Sza8Cvl3Rauwbg,Maharlika
Migz,EwUFAPfkS5K9llndR58-uw,Maharlika
zNoname,ApjaNeILSnWpEMyyE6xofg,Maharlika
Xchadd,0qzES2K-QlK5MXVd0UCadQ,Maharlika
Osiris1,ZFT4uBylRdGAqGo5ejsx9w,Maharlika
RashinaaaClaire,y2OUm2PMRbyenLHIJndfdw,Maharlika
PesoPiso,t3BCyaz8Q8CeTdbnVQq0eg,Maharlika
Z3PHYROS,cwJHZL-qQkOL0LeupocSUQ,Maharlika
MANGKANOR42069,JpdGyHEJTCyX0piPerO8kg,Maharlika
Titiku,5-1ZWxRpROas37TG2OTkCg,Maharlika
Neizi,poJWztFxR2CKzlbpQLG_zQ,Maharlika
Perkzzz,999mOUHtQ7WiNdotsw_WSw,Maharlika
Chief,MztVpC0XSby2lw4z1RMvWw,Maharlika
AGENT4MID,4xERwh_UQXeGUgGQEv3Ttg,Maharlika
cristeeyyy,Ag0y4AA_Qnux_3yPWuvMug,Maharlika
Ismoki,jp8RhkuMQ3qsNTf3auKnCQ,Maharlika
Biggsss,jqdl2JIlRnuFqP3AXCx4Fg,Maharlika
Bigenis,123q3RZsRfyChzqVOmeyMQ,Maharlika
Lurky,__zvWE3kS2OoVzCR1kcOXw,Maharlika
HellfireHater,RxvBCEIKSmiV6syru1mixg,Maharlika
Walliex,Si-pFdU9Q2i3BKyxJwamjw,Maharlika
ChampionOfPinoys,trhGgYSSTr-9rhJNlCd_kw,Maharlika
Wawerz,rc_igrgoRFKfaGA2EOGZPg,Maharlika
Momotarro,R7l0lPh0QpmWu1kHU2tfTQ,Maharlika
HighCard,ru5JZeCYS8uQINvBcKD3CQ,Maharlika
IBawangI,mVZ82AVvQPKfgTgP8WjTAA,Maharlika
Cruzher,Oj0iNOPzSuiIFPpa5zph1A,Maharlika
Letoww,nHHpsbU5TBaUOBAwfc0I9Q,Maharlika
Kyporith,Vpww2K_9R1akc9_4J_iwCQ,Maharlika
SkipNot,tJeayaytTSaxvdAfadl6iw,Maharlika
Bridgzf,nB7zeWdgSHiAGxuSQMrAig,Maharlika
Aguero,1zyo8DvMR9O3YAxeECVNbg,Maharlika
Wander1ng,YFBOQd7WQn69p7dc_2JOaQ,Maharlika
Supreme,7_SSU1bYRH-s3ztCsII04g,Maharlika
Malfxn,GzwpDn3qSsWsPCt5BwzWZw,Maharlika
NotObi,VFEB73QDQ9ep6nDZhGFiPQ,Maharlika
Raecious,NSRVYRvPQx6N9tV2BeSNjg,Maharlika
Zaiketsu04,RCw3K-nlThSnk6sx9GDFvw,Maharlika
VillainShawnT,GWEFv6RETqm5-rA6AcG7lg,Maharlika
touchmenot,eMLvMJ7pRaW9bUlgKsMtWA,Maharlika
Sag4,N25NTRzwQtWXTtpcC21zlA,Maharlika
Zad3qeel,6tzIP4WjSUiZ8Ua9pCRLog,Maharlika
Denverzf,bDRPAn5WTAe1ARq2RS-vjw,Maharlika
HunterCoffee,B8BkkjFpT9KcgBgG6_rniQ,Maharlika
MrJady,d1eQ8TpPSmm5z1RUPo7jfA,Maharlika
KCR2,XemQ_QQZRteuvlWFTduWug,Maharlika
